platform,query,title,content,published_date,author,url
youtube,AI in healthcare,AI in Healthcare: How to implement it,"A look at the importance of implementing Artificial Intelligence in software used by the medical industry. At Rootstack, we have a ...",2025-11-03T15:47:51Z,Rootstack,https://www.youtube.com/watch?v=l6suKnWIMUY
youtube,AI in healthcare,AI on Guard for Your Health aiinhealthcare healthtech digitalhealth,,2025-11-03T15:37:13Z,ProHabit Inc.,https://www.youtube.com/watch?v=oDS2z9AnBak
youtube,AI in healthcare,Workshop Alert! Transforming Healthcare with AI-Driven Drug ... IIT-BHU bhu varanasi iitbhu ai,Workshop Alert! Transforming Healthcare with AI-Driven Drug Discovery Join this hands-on workshop to explore how ...,2025-11-03T15:16:17Z,Research Careers Hub,https://www.youtube.com/watch?v=DhMDl2RKXHk
youtube,AI in healthcare,AI Health Reels by febric in 3,"Welcome to our official YouTube channel! We bring you the best content, from music to comedy and everything in between.",2025-11-03T14:44:52Z,Jyoti Roy,https://www.youtube.com/watch?v=cIS7ZRrO17Y
youtube,AI in healthcare,1.2 Billion valuation. 100 specialties. One goal fix healthcare with AI.,"Billion valuation. 100 specialties. One goal fix healthcare with AI. My conversation with Nikhil Buduma, CEO of Ambience ...",2025-11-03T14:45:38Z,Dr. Owais Durrani,https://www.youtube.com/watch?v=cS3t42HaqIU
youtube,AI in healthcare,AI Health Reels by febric in 16,"Welcome to our official YouTube channel! We bring you the best content, from music to comedy and everything in between.",2025-11-03T14:43:38Z,Jyoti Roy,https://www.youtube.com/watch?v=gxP106-B438
youtube,AI in healthcare,He Makes 50K Month Selling AI to Health Clinics Copy This SaaS Business Model,Join AI Sales Academy and generate 10K in 90 days guaranteed GoHighLevel SaaS Plan: ...,2025-11-03T14:18:10Z,AI Sales Academy ,https://www.youtube.com/watch?v=wczJ9T33O_8
youtube,AI in healthcare,"How AI Is Humanizing Digital Healthcare Adam Pivko, Direct Meds The Brainiac Blueprint Podcast","Today on The Brainiac Blueprint Podcast by Left Brain AI, we sit down with Adam Pivko, Chief Marketing Officer at Direct Meds, ...",2025-11-03T14:02:40Z,Left Brain AI,https://www.youtube.com/watch?v=uk9pmzZ-0eo
youtube,AI in healthcare,AI Chatbots in Healthcare: Improving Patient Engagement,"The healthcare industry is evolving fast and AI chatbots are at the center of this transformation. In this video, we explore how ...",2025-11-03T13:07:28Z,Cyfuture AI,https://www.youtube.com/watch?v=G6LiWV08eg0
youtube,AI in healthcare,AI in Healthcare - The Future is Now!,"AI isn t coming to healthcare it s already here. From diagnosis to drug discovery, it s transforming how we care, cure, and ...",2025-11-03T12:56:20Z,ThinkData Podcast by Dataworks ,https://www.youtube.com/watch?v=MqRp1zHpHAA
